{"cameraMode":{"drawMode":0,"name":"Shaded","section":"Shading Mode"},"sceneLighting":true,"audioPlay":false,"sceneViewState":{"m_AlwaysRefresh":false,"showFog":true,"showSkybox":true,"showFlares":true,"showImageEffects":true,"showParticleSystems":true,"showVisualEffectGraphs":true,"m_FxEnabled":true},"in2DMode":false,"pivot":{"x":6.757887840270996,"y":8.9696626663208,"z":11.781917572021485},"rotation":{"x":-0.028977055102586747,"y":0.31372255086898806,"z":0.009803572669625283,"w":0.9491057395935059},"size":5.813385963439941,"orthographic":false}