{"cameraMode":{"drawMode":0,"name":"Shaded","section":"Shading Mode"},"sceneLighting":true,"audioPlay":false,"sceneViewState":{"m_AlwaysRefresh":false,"showFog":true,"showSkybox":true,"showFlares":true,"showImageEffects":true,"showParticleSystems":true,"showVisualEffectGraphs":true,"m_FxEnabled":true},"in2DMode":false,"pivot":{"x":-1.8517327308654786,"y":-3.8588600158691408,"z":3.7828011512756349},"rotation":{"x":-0.3247271776199341,"y":0.3516477942466736,"z":-0.13152174651622773,"w":-0.8682111501693726},"size":7.6329450607299809,"orthographic":false}