{"cameraMode":{"drawMode":0,"name":"Shaded","section":"Shading Mode"},"sceneLighting":true,"audioPlay":false,"sceneViewState":{"m_AlwaysRefresh":false,"showFog":true,"showSkybox":true,"showFlares":true,"showImageEffects":true,"showParticleSystems":true,"showVisualEffectGraphs":true,"m_FxEnabled":true},"in2DMode":false,"pivot":{"x":-14.843183517456055,"y":18.183399200439454,"z":-14.464771270751954},"rotation":{"x":-0.2045496702194214,"y":0.10898131132125855,"z":-0.022923413664102556,"w":-0.9725114107131958},"size":17.863994598388673,"orthographic":false}